Name,SKU,Category,Colors,MOQ_Amber,MOQ_Clear,MOQ_Opaque_White,MOQ_Opaque_Black,Neck_Size,Neck_Profile,Volume,OFC,Weight,Height,Diameter,Pilfer,Length,Cap_Type,Usage,Market_Segments,Image_Amber,Image_Clear,Image_Family,Image_Opaque_Black,
19mm / 100ml Aster,ASB001,Bottles,"Clear, Family, Amber",3360,672,,,19mm,SP410,100ml,59ml,13gm,109mm,38mm X 25mm,,,,,,19mm - 50ml Round.jpg,19mm - 100ml Square Clear.jpg,25mm - 200ml Brute Clear.jpg,,
19mm / 100ml Flat,ASB003,Bottles,,,,,,19mm,,100ml,110ml,13gm,126mm,30mm X 46mm,,,,,,,,,,
19mm / 100ml Jasmine,ASB004,Bottles,,,,,,19mm,,100ml,110ml,13gm,121mm,44mm X 36mm,,,,,,,,,,
19mm / 100ml KK,ASB005,Bottles,,,,,,19mm,,100ml,106ml,13gm,116mm,57mm X 30mm,,,,,,,,,,
19mm / 100ml Lotion,ASB006,Bottles,,,,,,19mm,,100ml,106ml,13gm,125mm,39mm,,,,,,,,,,
19mm / 100ml Orchid,ASB007,Bottles,,,,,,19mm,,100ml,106ml,13gm,125mm,50mm X 32mm,,,,,,,,,,
19mm / 100ml Round,ASB008,Bottles,,,,,,19mm,,100ml,107ml,13gm,119mm,40mm X 14mm,,,,,,,,,,
19mm / 100ml Square,ASB009,Bottles,,,,,,19mm,,100ml,112ml,13gm,116mm,36mm X 36mm,,,,,,,,,,
19mm / 100ml Tulip,ASB010,Bottles,,,,,,19mm,,100ml,106ml,13gm,114mm,39mm,,,,,,,,,,
19mm / 20ml Food Colour,ASB011,Bottles,,,,,,19mm,,20ml,20ml,5gm,70mm,28mm,,,,,,,,,,
19mm / 20ml Lilac,ASB012,Bottles,,,,,,19mm,,20ml,27ml,5gm,70mm,26mm,,,,,,,,,,
19mm / 20ml Tulip,ASB013,Bottles,,,,,,19mm,,20ml,28ml,5gm,80mm,28mm,,,,,,,,,,
19mm / 30ml Square,ASB014,Bottles,,,,,,19mm,,30ml,36ml,5gm,66mm,28mm,,,,,,,,,,
19mm / 30ml Tulip,ASB015,Bottles,,,,,,19mm,,30ml,36ml,5gm,79mm,28mm,,,,,,,,,,
19mm / 35ml Tulip,ASB016,Bottles,,,,,,19mm,,35ml,39ml,7gm,80mm,28mm,,,,,,,,,,
19mm / 50ml Aster,ASB017,Bottles,,,,,,19mm,,50ml,59ml,9gm,108mm,38mm X 25mm,,,,,,,,,,
19mm / 50ml Flat,ASB018,Bottles,,,,,,19mm,,50ml,57ml,9gm,91mm,38mm X 27mm,,,,,,,,,,
19mm / 50ml Jasmine,ASB019,Bottles,,,,,,19mm,,50ml,55ml,9gm,97mm,34mm X 29mm,,,,,,,,,,
19mm / 50ml Lotion,ASB020,Bottles,,,,,,19mm,,50ml,62ml,9gm,94mm,33mm,,,,,,,,,,
19mm / 50ml Round,ASB021,Bottles,,,,,,19mm,,50ml,58ml,9gm,97mm,33mm,,,,,,,,,,
19mm / 50ml Square,ASB022,Bottles,,,,,,19mm,,50ml,69ml,9gm,82mm,32mm,,,,,,,,,,
19mm / 50ml Tulip,ASB023,Bottles,,,,,,19mm,,50ml,62ml,9gm,98mm,38mm X 27mm,,,,,,,,,,
22mm / 10ml Pharma,ASB024,Bottles,,,,,,22mm,,10ml,17ml,5gm,48mm,26mm,,,,,,,,,,
22mm / 20ml Pharma,ASB026,Bottles,,,,,,22mm,,20ml,25ml,5gm,57mm,28mm,,,,,,,,,,
22mm / 25ml Pharma,ASB027,Bottles,,,,,,22mm,,25ml,31ml,5gm,62mm,30mm,,,,,,,,,,
24mm / 150ml Ravelcare (25gm),ASB028,Bottles,,,,,,24mm,,150ml,159ml,26gm,123mm,47mm,,,,,,,,,,
24mm / 200ml Round,ASB029,Bottles,,,,,,24mm,,200ml,225ml,22gm,149mm,49mm,,,,,,,,,,
24mm / 200ml Square,ASB030,Bottles,,,,,,24mm,,200ml,205ml,22gm,140mm,44mm,,,,,,,,,,
24mm / 200ml Tulip,ASB031,Bottles,,,,,,24mm,,200ml,215ml,22gm,143mm,49mm,,,,,,,,,,
24mm / 250ml Round (25gm),ASB033,Bottles,,,,,,24mm,,250ml,230ml,26gm,163mm,50mm,,,,,,,,,,
24mm / 300ml Rose,ASB035,Bottles,,,,,,24mm,,300ml,325ml,26gm,146mm,60mm,,,,,,,,,,
25mm / 100ml Brute,ASB036,Bottles,,,,,,25mm,,100ml,110ml,13gm,122mm,46mm,,,,,,,,,,
25mm / 100ml Pharma,ASB039,Bottles,,,,,,25mm,,100ml,122ml,13gm,107mm,45mm,,,,,,,,,,
25mm / 120ml Tulip,ASB042,Bottles,,,,,,25mm,,120ml,129ml,13gm,138mm,39mm,,,,,,,,,,
25mm / 150ml Pharma,ASB045,Bottles,,,,,,25mm,,150ml,129ml,18gm,130mm,53mm,,,,,,,,,,
25mm / 170ml Pharma,ASB046,Bottles,,,,,,25mm,,170ml,190ml,18gm,124mm,52mm,,,,,,,,,,
25mm / 200ml Aster,ASB047,Bottles,,,,,,25mm,,200ml,220ml,22gm,174mm,58mm X 37mm,,,,,,,,,,
25mm / 200ml Brute,ASB048,Bottles,,,,,,25mm,,200ml,210ml,18gm,122mm,46mm,,,,,,,,,,
25mm / 200ml Oval,ASB050,Bottles,,,,,,25mm,,200ml,220ml,22gm,150mm,62mm X 36mm,,,,,,,,,,
25mm / 200ml Round,ASB029,Bottles,,,,,,25mm,,200ml,255ml,22gm,163mm,50mm,,,,,,,,,,
25mm / 200ml Square,ASB030,Bottles,,,,,,25mm,,200ml,215ml,22gm,146mm,44mm,,,,,,,,,,
25mm / 20ml Square,ASB054,Bottles,,,,,,25mm,,20ml,37ml,8gm,57mm,30mm,,,,,,,,,,
25mm / 250ml Pharma (18Gm),ASB032,Bottles,,,,,,25mm,,250ml,250ml,18gm,134mm,60mm,,,,,,,,,,
25mm / 30ml Pharma,ASB056,Bottles,,,,,,25mm,,30ml,38ml,8gm,78mm,31mm,,,,,,,,,,
25mm / 40ml Pharma,ASB058,Bottles,,,,,,25mm,,40ml,50ml,8gm,79mm,34mm,,,,,,,,,,
25mm / 40ml Pharma (10gm),ASB058,Bottles,,,,,,25mm,,40ml,50ml,10gm,79mm,34mm,,,,,,,,,,
25mm / 40ml Square,ASB059,Bottles,,,,,,25mm,,40ml,50ml,10gm,74mm,34mm,,,,,,,,,,
25mm / 50ml Pharma,ASB062,Bottles,,,,,,25mm,,50ml,63ml,10gm,88mm,35mm,,,,,,,,,,
25mm / 60ml Pharma,ASB063,Bottles,,,,,,25mm,,60ml,63ml,10gm,86mm,36mm,,,,,,,,,,
25mm / 75ml Pharma,ASB064,Bottles,,,,,,25mm,,75ml,85ml,10gm,100mm,40mm,,,,,,,,,,
25mm / 75ml Pharma (13Gm),ASB064,Bottles,,,,,,25mm,,75ml,85ml,13gm,100mm,40mm,,,,,,,,,,
25mm / 75ml Square,ASB066,Bottles,,,,,,25mm,,75ml,86ml,13gm,95mm,37mm,,,,,,,,,,
28mm / 1000ml Dishwash,SS003,Bottles,,,,,,28mm,,1000ml,1000ml,44gm,260mm,107mm X 65mm,,,,,,,,,,
28mm / 1000ml Jasmine (32gm),SS007,Bottles,,,,,,28mm,,100ml,1050ml,32gm,240mm,86mm X 72mm,,,,,,,,,,
28mm / 1000ml Jasmine (36gm),SS007,Bottles,,,,,,28mm,,100ml,1050ml,36gm,240mm,86mm X 72mm,,,,,,,,,,
28mm / 1000ml Jasmine (40gm),SS007,Bottles,,,,,,28mm,,100ml,1050ml,40gm,240mm,86mm X 72mm,,,,,,,,,,
28mm / 1000ml Jasmine (48gm),SS007,Bottles,,,,,,28mm,,100ml,1050ml,48gm,240mm,86mm X 72mm,,,,,,,,,,
28mm / 1000ml Noni,SS011,Bottles,,,,,,28mm,,1000ml,1045ml,48gm,306mm,79mm,,,,,,,,,,
28mm / 1000ml Pharma (60gm),ASB067,Bottles,,,,,,28mm,,1000ml,1050ml,60gm,245mm,85mm,,,,,,,,,,
28mm / 1000ml Sopy,SS019,Bottles,,,,,,28mm,,1000ml,1060ml,48gm,220mm,118mm X 76mm,,,,,,,,,,
28mm / 1000ml Square Mold 15-04-24,SS021,Bottles,,,,,,28mm,,1000ml,1050ml,48gm,280mm,73mm X 83mm,,,,,,,,,,
28mm / 1000ml Tulip (60gm),ASB068,Bottles,,,,,,28mm,,1000ml,1030ml,60gm,218mm,86mm,,,,,,,,,,
28mm / 185ml Pakeeza,SS031,Bottles,,,,,,28mm,,185ml,195ml,22gm,143mm,51x67mm,,,,,,,,,,
28mm / 200ml Noni (18gm),SS036,Bottles,,,,,,28mm,,200ml,220ml,18gm,193mm,49mm,,,,,,,,,,
28mm / 200ml Noni (22gm),SS036,Bottles,,,,,,28mm,,200ml,220ml,22gm,193mm,49mm,,,,,,,,,,
28mm / 200ml Oval,SS038,Bottles,,,,,,28mm,,200ml,205ml,22gm,138mm,62mm X 42mm,,,,,,,,,,
28mm / 225ml Dishwash,SS047,Bottles,,,,,,28mm,,225ml,225ml,18gm,167mm,65mm X 38mm,,,,,,,,,,
28mm / 250ml Rose (18gm),SS052,Bottles,,,,,,28mm,,250ml,270ml,22gm,140mm,57mm,,,,,,,,,,
28mm / 250ml Rose (22gm),SS052,Bottles,,,,,,28mm,,250ml,270ml,22gm,140mm,57mm,,,,,,,,,,
28mm / 300ml Pyramid,SS058,Bottles,,,,,,28mm,,300ml,310ml,29gm,183mm,74mm X 54mm,,,,,,,,,,
28mm / 350ml Pharma TS (29gm),SS060,Bottles,,,,,,28mm,,350ml,360ml,29gm,156mm,65mm,,,,,,,,,,
28mm / 350ml Pharma (32gm),ASB069,Bottles,,,,,,28mm,,350ml,360ml,29gm,156mm,65mm,,,,,,,,,,
28mm / 370ml Pakeeza,SS061,Bottles,,,,,,28mm,,370ml,405ml,22gm,164mm,81mm X 67mm,,,,,,,,,,
28mm / 400ml Aura Mold 43-05-24,SS062,Bottles,,,,,,28mm,,400ml,450ml,32gm,176mm,64mm,,,,,,,,,,
28mm / 400ml Flat,SS063,Bottles,,,,,,28mm,,400ml,415ml,29gm,226mm,72mm X 44mm,,,,,,,,,,
28mm / 400ml Oval,SS066,Bottles,,,,,,28mm,,400ml,375ml,29gm,198mm,198mm X 71mm,,,,,,,,,,
28mm / 400ml Pharma TS (29gm),SS067,Bottles,,,,,,28mm,,400ml,425ml,29gm,160mm,67mm,,,,,,,,,,
28mm / 400ml Pharma (32gm),ASB070,Bottles,,,,,,28mm,,400ml,425ml,32gm,160mm,67mm,,,,,,,,,,
28mm / 400ml Pharma TS (32gm),SS067,Bottles,,,,,,28mm,,400ml,425ml,32gm,160mm,67mm,,,,,,,,,,
28mm / 400ml Pharma (40gm),ASB070,Bottles,,,,,,28mm,,400ml,425ml,32gm,160mm,67mm,,,,,,,,,,
28mm / 450ml Dishwash (29gm),SS068,Bottles,,,,,,28mm,,450ml,450ml,29gm,205mm,83mm X 49mm,,,,,,,,,,
28mm / 450ml Dishwash (32gm),SS068,Bottles,,,,,,28mm,,450ml,450ml,32gm,205mm,83mm X 49mm,,,,,,,,,,
28mm / 450ml Pharma (40gm),ASB071,Bottles,,,,,,28mm,,450ml,525ml,40gm,168mm,73mm,,,,,,,,,,
28mm / 500ml Aster,ASB072,Bottles,,,,,,28mm,,500ml,520ml,32gm,236mm,73mm X 48mm,,,,,,,,,,
28mm / 500ml Boston (36gm),ASB072,Bottles,,,,,,28mm,,500ml,513ml,36gm,201mm,63mm,,,,,,,,,,
28mm / 500ml Boston (40gm),ASB072,Bottles,,,,,,28mm,,500ml,513ml,40gm,201mm,63mm,,,,,,,,,,
28mm / 500ml Boston TS (48gm),SS072,Bottles,,,,,,28mm,,500ml,513ml,48gm,201mm,63mm,,,,,,,,,,
28mm / 500ml Boston (32gm),ASB072,Bottles,,,,,,28mm,,500ml,513ml,32gm,201mm,63mm,,,,,,,,,,
28mm / 500ml Brut,SS073,Bottles,,,,,,28mm,,500ml,510ml,40gm,225mm,76mm X 225mm,,,,,,,,,,
28mm / 500ml Lotion (32gm),ASB073,Bottles,,,,,,28mm,,500ml,525ml,32gm,183mm,70mm,,,,,,,,,,
28mm / 500ml Lotion (40gm),ASB073,Bottles,,,,,,28mm,,500ml,525ml,40gm,183mm,70mm,,,,,,,,,,
28mm / 500ml Metro Handwash Mold 34-11-23,SS084,Bottles,,,,,,25mm,,500ml,500ml,29gm,145mm,80mm,,,,,,,,,,
28mm / 500ml Noni (32gm),SS085,Bottles,,,,,,28mm,,500ml,520ml,32gm,250mm,64mm,,,,,,,,,,
28mm / 500ml Noni (40gm),SS085,Bottles,,,,,,28mm,,500ml,520ml,40gm,250mm,64mm,,,,,,,,,,
28mm / 500ml Pharma (40gm),ASB074,Bottles,,,,,,28mm,,500ml,550ml,40gm,183mm,72mm,,,,,,,,,,
28mm / 500ml Rose TS (29gm),SS088,Bottles,,,,,,28mm,,500ml,555ml,29gm,172mm,48mm,,,,,,,,,,
28mm / 500ml Rose (32gm),ASB074,Bottles,,,,,,28mm,,500ml,555ml,32gm,172mm,48mm,,,,,,,,,,
28mm / 500ml Rose TS (32gm),SS088,Bottles,,,,,,28mm,,500ml,555ml,32gm,172mm,48mm,,,,,,,,,,
28mm / 500ml Rose (36gm),ASB074,Bottles,,,,,,28mm,,500ml,555ml,36gm,172mm,48mm,,,,,,,,,,
28mm / 500ml Rose TS (25gm),SS088,Bottles,,,,,,28mm,,500ml,555ml,25gm,172mm,48mm,,,,,,,,,,
28mm / 500ml Round (44gm),SS089,Bottles,,,,,,28mm,,500ml,510ml,44gm,181mm,63mm,,,,,,,,,,
28mm / 500ml Sopy,SS093,Bottles,,,,,,28mm,,500ml,520ml,32gm,166mm,93mm X 70mm,,,,,,,,,,
28mm / 500ml Square,SS094,Bottles,,,,,,28mm,,500ml,520ml,40gm,202mm,58mm,,,,,,,,,,
28mm / 500ml Square Mold 14-04-24,SS096,Bottles,,,,,,28mm,,500ml,530ml,40gm,236mm,64mm X 57mm,,,,,,,,,,
28mm / 500ml Thinner (29gm),SS099,Bottles,,,,,,28mm,,500ml,530ml,29gm,205mm,70mm,,,,,,,,,,
28mm / 500ml Thinner (22gm),SS099,Bottles,,,,,,28mm,,500ml,530ml,22gm,205mm,70mm,,,,,,,,,,
28mm / 500ml Thinner (32gm),SS099,Bottles,,,,,,28mm,,500ml,530ml,32gm,205mm,70mm,,,,,,,,,,
28mm / 500ml Tulip TS (32gm),SS101,Bottles,,,,,,28mm,,500ml,515ml,32gm,183mm,68mm,,,,,,,,,,
28mm / 500ml Tulip (40gm),ASB075,Bottles,,,,,,28mm,,500ml,515ml,40gm,183mm,68mm,,,,,,,,,,
28mm / 600ml Oval,SS102,Bottles,,,,,,28mm,,600ml,610ml,44gm,205mm,81mm X 54mm,,,,,,,,,,
28mm / 750ml Noni,SS110,Bottles,,,,,,28mm,,750ml,780ml,18gm,282mm,74mm,,,,,,,,,,
28mm / 750ml Pakeeza,SS111,Bottles,,,,,,28mm,,750ml,750ml,44gm,202mm,100mm X 83mm,,,,,,,,,,
28mm / 800ml Aura Mold 44-05-24,SS113,Bottles,,,,,,28mm,,800ml,850ml,44gm,235mm,75mm,,,,,,,,,,
28mm / 300ml Pharma,SS057,Bottles,,,,,,28mm,,300ml,320ml,29gm,205mm,54mm,,,,,,,,,,
30mm / 100ml Tablet,ASB077,Bottles,,,,,,30mm,,100ml,110ml,10gm,83mm,46mm,,,,,,,,,,
30mm / 50ml Tablet,ASB078,Bottles,,,,,,30mm,,50ml,60ml,10gm,67mm,38mm,,,,,,,,,,
30mm / 75ml Tablet,ASB079,Bottles,,,,,,30mm,,75ml,80ml,10gm,80mm,41mm,,,,,,,,,,
38mm / 100ml Tablet,ASB080,Bottles,,,,,,38mm,,100ml,115ml,18gm,93mm,45mm,,,,,,,,,,
38mm / 100ml Tablet Oval TS,ASB080,Bottles,,,,,,38mm,,100ml,98ml,22gm,73mm,50mm X 41mm,,,,,,,,,,
38mm / 125ml Tablet,ASB081,Bottles,,,,,,38mm,,125ml,125ml,22gm,86mm,52mm X 86mm,,,,,,,,,,
38mm / 150ml Tablet,ASB082,Bottles,,,,,,38mm,,150ml,147ml,22gm,102mm,50mm,,,,,,,,,,
38mm / 150ml Tablet Oval,ASB082,Bottles,,,,,,38mm,,150ml,150ml,18gm,93mm,55mm X 45mm,,,,,,,,,,
38mm / 50ml Camphor,ASB087,Bottles,,,,,,38mm,,50ml,50ml,6gm,49mm,42mm,,,,,,,,,,
19mm / 100ml Boston,ASB002,Bottles,,,,,,19mm,,100ml,117ml,13gm,89mm,49mm,,,,,,,,,,
25mm / 140ml MD,ASB044,Bottles,,,,,,25mm,,140ml,140ml,13gm,130mm,41mm,,,,,,,,,,
28mm / 1000ml Atlas,SS001,Bottles,,,,,,28mm,,1000ml,1020ml,25gm,236mm,86mm,,,,,,,,,,
28mm / 1000ml Fabrica,SS004,Bottles,,,,,,28mm,,1000ml,1026ml,32gm,277mm,96mm X 66mm,,,,,,,,,,
28mm / 1000ml Lotion,SS009,Bottles,,,,,,28mm,,1000ml,1015ml,48gm,267mm,78mm,,,,,,,,,,
28mm / 1000ml Rose (32gm - TS),SS015,Bottles,,,,,,28mm,,1000ml,1010ml,32gm,241mm,85mm,,,,,,,,,,
28mm / 250ml Hi-Fi Mold 29-02-26,SS049,Bottles,,,,,,28mm,,250ml,270ml,22gm,115mm,67mm,,,,,,,,,,
28mm / 500ml Hi-Fi Mold 30-02-26,SS079,Bottles,,,,,,25mm,,500ml,530ml,32gm,146mm,83mm,,,,,,,,,,
38mm / 150ml Tablet Oval,ASB082,Bottles,,,,,,38mm,,150ml,150ml,18gm,93mm,55mm X 45mm,,,,,,,,,,
25mm / 60ml Pharma (8gm),ASB063,Bottles,,,,,,25mm,,60ml,73ml,8gm,92mm,37mm,,,,,,,,,,
25mm / 75ml Phondaghat,ASB065,Bottles,,,,,,25mm,,75ml,79ml,13gm,102mm,33mm,,,,,,,,,,
28mm / 1000ml Metro,SS010,Bottles,,,,,,28mm,,1000ml,1030ml,32gm,238mm,81mm,,,,,,,,,,
28mm / 1000ml Oil,SS012,Bottles,,,,,,28mm,,1000ml,1050ml,32gm,281mm,83mm,,,,,,,,,,
28mm / 1000ml Sanitol (29gm),SS017,Bottles,,,,,,28mm,,1000ml,1010ml,29gm,238mm,85mm,,,,,,,,,,
28mm / 1000ml Sanitol (32gm),SS017,Bottles,,,,,,28mm,,1000ml,1010ml,32gm,238mm,85mm,,,,,,,,,,
28mm / 1000ml SKL Mourya,SS018,Bottles,,,,,,28mm,,1000ml,1080ml,48gm,284mm,66mm X 95mm,,,,,,,,,,
28mm / 1000ml Square Old,SS020,Bottles,,,,,,28mm,,1000ml,1030ml,48gm,254mm,75mm,,,,,,,,,,
28mm / 1000ml Square New,SS022,Bottles,,,,,,28mm,,1000ml,1030ml,48gm,251mm,72mm,,,,,,,,,,
28mm / 1000ml Squash,SS023,Bottles,,,,,,28mm,,1000ml,1030ml,48gm,251mm,72mm,,,,,,,,,,
28mm / 1000ml Tulip (48gm),SS027,Bottles,,,,,,28mm,,1000ml,1030ml,48gm,245mm,79mm,,,,,,,,,,
28mm / 500ml Flat Ribbed,SS076,Bottles,,,,,,28mm,,500ml,505ml,29gm,185mm,51mm X 74mm,,,,,,,,,,
28mm / 500ml Gebi,SS077,Bottles,,,,,,28mm,,500ml,520ml,32gm,210mm,90mm,,,,,,,,,,
28mm / 120ml Oval,SS029,Bottles,,,,,,25mm,,120ml,120ml,18gm,110mm,40mm X 51mm,,,,,,,,,,
28mm / 200ml Capital Sriracha,SS032,Bottles,,,,,,28mm,,200ml,205ml,25gm,120mm,60mm,,,,,,,,,,
28mm / 200ml MW,SS035,Bottles,,,,,,28mm,,200ml,215ml,13gm,141mm,48mm,,,,,,,,,,
28mm / 200ml Sanitol (15gm),SS040,Bottles,,,,,,28mm,,200ml,210ml,15gm,148mm,51mm,,,,,,,,,,
28mm / 200ml Sanitol (18gm),SS040,Bottles,,,,,,28mm,,200ml,210ml,18gm,148mm,51mm,,,,,,,,,,
28mm / 200ml Sprial,SS042,Bottles,,,,,,28mm,,200ml,200ml,18gm,145mm,51mm,,,,,,,,,,
28mm / 300ml Baby Oil,SS055,Bottles,,,,,,28mm,,300ml,300ml,22gm,172mm,82mm X 71mm,,,,,,,,,,
28mm / 500ml Capital Sriracha (44gm),SS074,Bottles,,,,,,28mm,,500ml,500ml,44gm,186mm,68mm,,,,,,,,,,
28mm / 500ml Capital Sriracha (48Gm),SS074,Bottles,,,,,,28mm,,500ml,500ml,48gm,186mm,68mm,,,,,,,,,,
28mm / 1000ml Rose,SS015,Bottles,,,,,,28mm,,1000ml,1050ml,44gm,242mm,86mm,,,,,,,,,,
28mm / 500ml Lotus (32gm),SS082,Bottles,,,,,,28mm,,500ml,530ml,32gm,180mm,72mm,,,,,,,,,,
28mm / 500ml Lotus (29gm),SS082,Bottles,,,,,,28mm,,500ml,530ml,29gm,180mm,72mm,,,,,,,,,,
28mm / 500ml Oil,SS086,Bottles,,,,,,28mm,,500ml,525ml,22gm,201mm,71mm,,,,,,,,,,
28mm / 500ml Squirt,SS098,Bottles,,,,,,28mm,,500ml,500ml,32gm,192mm,53mm X 91mm,,,,,,,,,,
28mm / 200ml Shreeji,SS041,Bottles,,,,,,28mm,,200ml,255ml,25gm,194mm,53mm,,,,,,,,,,
28mm / 250ml Capital,SS048,Bottles,,,,,,28mm,,250ml,260ml,25gm,165mm,55mm,,,,,,,,,,
28mm / 250ml Oil,SS050,Bottles,,,,,,28mm,,250ml,275ml,18gm,166mm,58mm,,,,,,,,,,
28mm / 500ml Sahyadri (36gm),SS090,Bottles,,,,,,28mm,,500ml,535ml,44gm,277mm,71mm,,,,,,,,,,
28mm / 500ml Sahyadri (44gm),SS090,Bottles,,,,,,28mm,,500ml,535ml,22gm,277mm,71mm,,,,,,,,,,
28mm / 500ml Sanitol (22gm),SS091,Bottles,,,,,,28mm,,500ml,515ml,22gm,190mm,68mm,,,,,,,,,,
28mm / 500ml Sanitol (25gm),SS091,Bottles,,,,,,28mm,,500ml,515ml,25gm,190mm,68mm,,,,,,,,,,
38mm / 1000ml Neel,SS116,Bottles,,,,,,38mm,,1000ml,1025ml,30gm,270mm,78mm,,,,,,,,,,
53mm / 100ml Cream,SS143,Jars,,,,,,53mm,,100ml,115ml,15gm,53mm,59mm,,,,,,,,,,
53mm / 100ml Gel,SS144,Jars,,,,,,53mm,,100ml,100ml,15gm,54mm,61mm,,,,,,,,,,
53mm / 125ml Matka,SS145,Jars,,,,,,53mm,,125ml,130ml,18gm,53mm,75mm,,,,,,,,,,
53mm / 220ml Square,SS155,Jars,,,,,,53mm,,220ml,250ml,18gm,82mm,65mm,,,,,,,,,,
53mm / 300ml Square,SS162,Jars,,,,,,53mm,,300ml,325ml,18gm,104mm,64mm,,,,,,,,,,
53mm / 300ml Tablet,SS163,Jars,,,,,,53mm,,300ml,310ml,30gm,111mm,64mm,,,,,,,,,,
53mm / 350ml Pickle,SS165,Jars,,,,,,53mm,,350ml,360ml,19gm,123mm,67mm,,,,,,,,,,
53mm / 370ml Tablet,SS167,Jars,,,,,,53mm,,370ml,370ml,30gm,127mm,65mm,,,,,,,,,,
53mm / 450ml Soul,SS171,Jars,,,,,,53mm,,450ml,500ml,30gm,138mm,66mm,,,,,,,,,,
53mm / 450ml Square,SS172,Jars,,,,,,53mm,,450ml,450ml,30gm,140mm,65mm,,,,,,,,,,
53mm / 750ml Oval,SS174,Jars,,,,,,53mm,,750ml,750ml,30gm,165mm,82mm X 72mm,,,,,,,,,,
69mm / 100ml Cream,SS178,Jars,,,,,,69mm,,100ml,130ml,15gm,39mm,76mm,,,,,,,,,,
73mm / 500ml Matka,SS186,Jars,,,,,,73mm,,500ml,600ml,36gm,90mm,115mm,,,,,,,,,,
73mm / 500ml Nova,J008,Jars,,,,,,73mm,,500ml,550ml,33gm,114mm,85mm,,,,,,,,,,
73mm / 750ml Square,J009,Jars,,,,,,73mm,,750ml,765ml,36gm,147mm,81mm,,,,,,,,,,
73mm / 850ml Spice,J010,Jars,,,,,,83mm,,850ml,904ml,40gm,203mm,79mm,,,,,,,,,,
83mm / 340ml Nova,SS189,Jars,,,,,,83mm,,340ml,400ml,36gm,83mm,84mm,,,,,,,,,,
83mm / 500ml Nova,J012,Jars,,,,,,83mm,,500ml,510ml,45gm,115mm,87mm,,,,,,,,,,
96mm / 1000ml Nova,J016,Jars,,,,,,96mm,,1000ml,1010ml,58gm,145mm,104mm,,,,,,,,,,
53mm / 450ml Malt,SS169,Jars,,,,,,53mm,,400ml,430ml,30gm,145mm,66mm,,,,,,,,,,
53mm / 50ml Cream,SS173,Jars,,,,,,53mm,,50ml,70ml,11gm,37mm,56mm,,,,,,,,,,
60mm / 800ml Square Plain QIK,J005,Jars,,,,,,60mm,,800ml,810ml,64gm,183mm,74mm,,,,,,,,,,
83mm / 500ml Square,SS191,Jars,,,,,,83mm,,500ml,670ml,52gm,99mm,97mm,,,,,,,,,,
53mm / 220ml Tall Round,SS156,Jars,,,,,,53mm,,220ml,255ml,26gm,113mm,59mm,,,,,,,,,,
60mm / 800ml Square Plain QIK,J005,Jars,,,,,,60mm,,800ml,810ml,64gm,183mm,74mm,,,,,,,,,,
63mm / 300ml Sargam,SS176,Jars,,,,,,63mm,,300ml,335ml,33gm,18mm,76mm,,,,,,,,,,
60mm / 800ml Square Side Grip QIK,J006,Jars,,,,,,60mm,,800ml,820ml,64gm,176mm,78mm,,,,,,,,,,
